,prodName,prodPrice,prodBadge,Group
0,P-TEX Ankle Brace With Stabilizers,,DicksExclusive,Ankle Support
1,Spalding King of the Beach USA Replica Outdoor Volleyball,$24.99 ,,Outdoor Volley
2,Wilson Graffiti Outdoor Volleyball,$19.99 ,,Outdoor Volley
3,Tandem Round Volleyball Blocking Pads,$49.99 ,,Outdoor Volley
4,ASICS Women's Gel-Rocket 9 Volleyball Shoes,,,Outdoor Volley
5,Champion Volleyball Trainer Set,$95.99 ,,Outdoor Volley
6,Nike Skills Mini Volleyball,$13.00 ,,Outdoor Volley
7,adidas Women's Ligra 6 Volleyball Shoes,$44.97 - $64.99,,Outdoor Volley
8,Tandem Collapsible Spike Trainer,$98.00 ,,Accessiories
9,Shock Doctor Ultra Wrap Lace Ankle Brace,$39.99 ,,Ankle Support
10,Molten Neon Camo Recreational Volleyball,$16.99 ,,Accessiories
11,Accessiories,$9.99 ,DicksExclusive,Accessiories
12,Nike Girls' Fury Headband,,,Accessiories
13,Clothing,$40.00 ,NewArrivals,Clothing
14,adidas Women's Crazyflight X 3 Volleyball Shoes,,,Outdoor Volley
15,Tachikara SV-5WM Indoor Volleyball,$44.99 ,,Accessiories
16,"Mizuno Core Flat Front Vortex Hybrid 3.5"" Volleyball Shorts",$22.99 ,,Outdoor Volley
17,DSG Solana Indoor/Outdoor Volleyball,$14.99 ,DicksExclusive,Outdoor Volley
18,Tandem Volleyball Pal,$19.99 ,,Accessiories
19,Wilson Pro Tour Indoor Volleyball,$19.99 ,,Outdoor Volley
20,Wilson K1 Silver Indoor Volleyball,$49.99 ,,Outdoor Volley
21,Nike Girls' Fury Headband 2.0,,,Accessiories
22,Tandem Volleyball Target Challenger,$299.99 ,,Accessiories
23,Molten Camp Recreational Volleyball,$16.99 ,,Accessiories
24,Tandem Volleyball Small Reaction Ball,$6.99 ,,Accessiories
25,Wilson AVP Special Edition II Outdoor Volleyball,,DicksExclusive,Outdoor Volley
26,Tandem Volleyball Ponytail Pack,$5.99 ,,Accessiories
27,Nike Skills Mini Volleyball,$12.99 - $13.00,,Outdoor Volley
28,Tachikara Volley-Lite Indoor Volleyball,$34.99 - $35.99,,Accessiories
29,Molten MS500 Recreational Volleyball,$16.99 ,,Accessiories
30,Porter Volleyball Blocking Hands,$39.99 ,,Accessiories
31,NEOSPORT XSpan Hi-Top 2mm Neoprene Socks,,,Socks
32,adidas Alliance II Sack Pack,$12.99 - $18.00,,Clothing
33,Molten Paint Splat Recreational Volleyball,$16.99 ,,Accessiories
34,Wilson Hawaii AVP Malibu Outdoor Volleyball with Disc,$19.99 ,,Outdoor Volley
35,Tandem Volleyball Finger Supports,$7.99 ,,Accessiories
36,Tandem Precision Ring Cover for Target Challenger,$30.00 ,,Accessiories
37,Mikasa VQ2000 Plus NFHS Competition Indoor Volleyball,$39.99 ,,Accessiories
38,DICK'S Sporting Goods Volleyball,$9.99 ,DicksExclusive,Accessiories
39,Tandem Triple Net Storage Rack,$205.00 ,,Accessiories
40,Wilson Pro Tour Indoor Volleyball,$19.99 ,,Outdoor Volley
41,Wilson OPTX AVP Tour Outdoor Volleyball,$69.99 ,,Outdoor Volley
42,Nike Hyperspike 18P Indoor Volleyball,$39.99 ,,Accessiories
43,Mizuno Women's Volleyball Padded Elbow Sleeves,$34.99 ,,Clothing
44,Mikasa High Performance Indoor Volleyball,$59.99 ,,Outdoor Volley
45,Tandem Volleyball Spike Trainer,$88.99 ,,Accessiories
46,Nike Dri-FIT 3.0 Head Tie,$12.00 ,TopSeller,Nike Dri-FIT 3.0 Head Tie
47,Wilson Graffiti Outdoor Volleyball,$19.99 ,,Outdoor Volley
48,Tachikara Zigzag Outdoor Volleyball,,,Accessiories
49,Tachikara SV-5W Gold Indoor Volleyball,$59.99 ,,Accessiories
50,Tandem Volleyball Elbow Pads,$17.99 ,,Accessiories
51,Nike Women's React Hyperset Volleyball Shoes,$124.99 ,NewArrivals,Outdoor Volley
52,Mizuno LR6 Volleyball Knee Pads,$29.99 ,,Outdoor Volley
53,Molten Super Touch Indoor Volleyball,$64.99 ,,Outdoor Volley
54,Baden SkilCoach HeavySetter Training Volleyball,$44.99 ,,Outdoor Volley
55,Tandem Straighter Way Sleeves,$35.99 ,,Accessiories
56,Baden Pink Match Point Outdoor Volleyball,$14.99 ,,Accessiories
57,Wilson Encore Indoor Volleyball,,DicksExclusive,Outdoor Volley
58,Baden Skilcoach Lightweight Training Volleyball,,,Outdoor Volley
59,Harrow Elite Sports Backpack,$64.99 ,,Clothing
60,Tandem Volleyball Set Rite Training Aid,$15.99 ,,Accessiories
61,Molten Love Recreational Volleyball,,,Accessiories
62,Mikasa Official NVL-VX Replica Beach Volleyball,$19.99 ,,Outdoor Volley
63,Tachikara SV-5WS Gold Indoor Volleyball,$45.99 ,,Accessiories
64,Wilson NCAA Official Beach Championship Game Volleyball,$64.99 ,,Accessiories
65,Wilson Graffiti Mini Volleyball,$12.99 ,,Outdoor Volley
66,Tandem Pop-Up Volleyball Catcher,$75.99 ,,Accessiories
67,Champion Official Size Rubber Volleyball Set,$59.99 ,,Accessiories
68,DICK'S Sporting Goods Ball Pump,$9.99 ,DicksExclusive,Clothing
69,Mizuno Women's Wave Voltage Volleyball Shoes,See Price In Cart,,Clothing
70,Mikasa Official FIVB Beach Volleyball,,,Outdoor Volley
71,Tandem Rectangular Volleyball Blocking Pad,$59.99 ,,Accessiories
72,Molten Youth Indoor Volleyball,$34.99 ,,Outdoor Volley
73,Mizuno Youth Core T10 Plus Volleyball Knee Pads,$19.99 ,,Outdoor Volley
74,Molten L2 Replica Composite Indoor Volleyball,$34.99 ,,Outdoor Volley
75,Tandem Volleyball Quad Blocker Trainer,$210.00 ,,Accessiories
76,Mikasa VLX30 Olympic Replica Beach Volleyball,$19.99 ,,Outdoor Volley
77,Molten Mini Volleyball,$12.99 ,,Outdoor Volley
78,"Mizuno Women's Victory 3.5"" Volleyball Shorts",$27.99 ,,Clothing
79,Tachikara SV-18S Official Indoor Volleyball,$29.99 ,,Accessiories
80,DICK'S Sporting Goods Nautical Mini Volleyball,$12.99 ,DicksExclusive,Accessiories
81,Nike Women's Pro 3'' Shorts,$20.97 - $30.00,,Outdoor Volley
82,Wilson Soft Play Outdoor Volleyball,$12.99 ,,Outdoor Volley
83,Tandem Volleyball Large Reaction Ball,$11.99 ,,Accessiories
84,Nike Pro Girls' 4'' Shorts,$25.00 ,,Outdoor Volley
85,Wilson AVP Replica City New York Outdoor Volleyball,$24.99 ,,Outdoor Volley
86,Champion Super Squeeze Volleyball Set,$109.99 ,,Accessiories
87,Wilson AVP Replica II Beach Volleyball,$24.99 ,,Outdoor Volley
88,ASICS Women's 4” Compression Shorts,$29.99 ,,Outdoor Volley
89,Tandem Volleyball Block Blaster,$184.99 ,,Accessiories
90,Under Armour Women's Highlight Ace 2.0 Volleyball Shoes,$89.98 - $124.99,,Clothing
91,Baden Beach Elite Sand Volleyball,$51.99 ,,Outdoor Volley
92,Tandem Spot Target Training Kit,$49.99 ,,Outdoor Volley
93,Mizuno Women's Wave Bolt 6 Volleyball Shoes,,,Clothing
94,Shock Doctor Ultra Gel Lace Ankle Support,,,Ankle Support
95,Molten NCAA FLISTATEC Competition Volleyball,$69.99 ,,Accessiories
96,Tandem Volleyball Cinch Sack,$5.99 ,,Accessiories
97,Nike Adult Vapor Volleyball Knee Pads,$39.99 ,,Outdoor Volley
98,Mikasa MV210 Official FIVB Indoor Volleyball,$34.99 ,,Accessiories
99,Tandem Volleyball Bungee Blocker,$98.99 ,,Accessiories
100,Baden Lexum Composite Light Volleyball,$34.99 ,,Accessiories
101,Tandem Volleyball Pass Catcher,$109.99 ,,Accessiories
102,Zamst A2 DX Ankle Brace,$64.99 ,,Ankle Support
103,Tachikara The Setter Heavyweight Training Volleyball,$54.99 ,,Accessiories
104,Tandem Volleyball Clutch Pouch,$15.99 ,,Accessiories
105,Molten Camp Print Indoor/Outdoor Volleyball,$16.99 ,,Outdoor Volley
106,Molten Camp Mermaid Recreational Volleyball,$16.99 ,,Accessiories
107,Mizuno Women's Wave Lightening Z4 Volleyball Shoes,,,Clothing
108,Tachikara SV-5WSC Indoor Volleyball,$45.99 ,,Accessiories
109,Wilson OPTX AVP Replica Outdoor Volleyball,$24.99 ,,Outdoor Volley
110,Mikasa MGV500 Heavy Weight Setter Training Volleyball,$49.99 ,,Accessiories
111,Nike Women's Zoom HyperAce 2 Volleyball Shoes,$114.99 ,TopSeller,Outdoor Volley
112,Nike Essential Ball Pump,$12.00 ,,Clothing
113,Champion Soft-Eeze Volleyball Set,$115.99 ,,Accessiories
114,Molten Elite Beach Volleyball,$49.99 ,,Outdoor Volley
115,Baden Perfection Elite Series Indoor Volleyball,$59.99 ,,Baden SkilCoach HeavySetter Training Volleyball
116,adidas Women's Crazyflight Mid Volleyball Shoes,$139.99 ,,Outdoor Volley
117,Tandem Volleyball Training Tower,$720.00 ,,Accessiories
118,Mizuno Women's Wave Supersonic Volleyball Shoes,See Price In Cart,,Outdoor Volley
119,Tandem Volleyball Net Zone Training System,$149.99 ,,Accessiories
120,Mikasa King of the Beach Pro Game Ball Volleyball,$49.99 ,NewArrivals,Accessiories
121,Under Armour Women's Team Shorty Volleyball Shorts,$30.00 ,NewArrivals,Outdoor Volley
122,Tachikara SV18S Indoor Volleyball,$29.99 ,,Accessiories
123,Baden Match Point Neon Indoor/Outdoor Volleyball,$14.99 ,,Outdoor Volley
124,DSG Solana Indoor/Outdoor Volleyball,$14.99 ,DicksExclusive,Outdoor Volley
125,Tandem Pass Rite Volleyball Trainer,,,Clothing
126,Mikasa King of the Beach Replica Volleyball,$24.99 ,NewArrivals,Outdoor Volley
127,Mizuno Women's Cyclone Speed 2 Volleyball Shoes,See Price In Cart,,Clothing
128,Nike Streak Volleyball Knee Pads,$24.99 ,TopSeller,Outdoor Volley
129,Mikasa VUL500 Youth Starter Lightweight Volleyball,$39.99 ,,Accessiories
130,Molten Youth VBU12 Indoor Volleyball,$34.99 ,,Outdoor Volley
131,Mizuno Women's Wave Lightning Z3 Volleyball Shoes,,,Clothing
132,Baden MatchPoint Indoor/Outdoor Volleyball,$14.99 ,,Outdoor Volley
133,Lifetime 3 Pack Inflation Needles,$2.49 ,,Accessiories
134,Baden Match Point Texas Indoor/Outdoor Volleyball,$15.99 ,,Outdoor Volley
135,Baden Ball Bag,$29.99 ,,Clothing
136,Nike Hypervolley 18P Outdoor Volleyball,$25.00 ,,Accessiories
137,Mizuno Women's Wave Luminous Volleyball Shoes,See Price In Cart,,Clothing
138,Champion Rhino Skin Volleyball Set,$164.99 ,,Outdoor Volley
139,Baden Skilcoach Lightweight Oversized Training Volleyball,$19.99 ,,Outdoor Volley
140,Baden Match Point Paint Recreational Volleyball,$14.99 ,,Accessiories
141,Tachikara VX2 SofTec Indoor/Outdoor Volleyball,$17.99 ,,Accessiories
142,Baden Lexum Microfiber Indoor Volleyball,$39.99 ,,Outdoor Volley
143,Nike Women's Court HyperSpeed Volleyball Shoes,$79.99 ,NewArrivals,Outdoor Volley
144,Under Armour Women's Highlight Ace Volleyball Shoes,$124.99 ,NewArrivals,Clothing
145,adidas Adult Primeknit Volleyball Knee Pads,$40.00 ,,Outdoor Volley
146,Mizuno Women's Wave Momentum Volleyball Shoes,$139.99 ,NewArrivals,Clothing
147,Porter Powr Volleyball Transport System,$517.99 ,,Accessiories
148,Tandem Locking Ball Cage,$315.00 ,,Accessiories
149,Mizuno DXS2 Ankle Brace,$39.99 ,,Ankle Support
150,Tandem Officials Amenity Bag,$12.99 ,,Accessiories
151,Tandem Volleyball Training Cones Set - 20 Pack,$24.99 ,,Accessiories
152,adidas Women's 4” Volleyball Shorts,$30.00 ,,Outdoor Volley
153,Tandem Volleyball Headbands - 3 Pack,$6.99 ,,Accessiories
154,Mikasa BCSPSH Classic Volleyball Cart,$149.99 ,,Outdoor Volley
155,Tandem Collapsible Volleyball Net Antennae,$79.99 ,,Accessiories
156,Mizuno Women's Wave Bolt 7 Volleyball Shoes,,,Clothing
157,Tandem Deluxe Score Flipper with Handle,$49.99 ,,Accessiories
158,Tandem Volleyball Ball Bag,$9.99 ,,Accessiories
159,Tandem Volleyball Dual Rotation Locator,$9.99 ,,Accessiories
160,Tandem Portable Volleyball Equipment Carrier,$649.99 ,,Accessiories
161,Harrow Custom Elite Sports Duffle,$89.99 ,CustomizeIt,Clothing
162,Tandem Pea-Less Whistle with Lanyard,$3.99 ,,Accessiories
163,DICK'S Sporting Goods Travel Ball Pump,$9.99 ,DicksExclusive,Clothing
164,ASICS Junior Ace Low Profile Volleyball Knee Pads,$19.99 ,,Outdoor Volley
165,Asics Adult Gel Conform II Volleyball Knee Pads,$24.99 ,,Outdoor Volley
166,Mizuno Women's Wave Supersonic 2 Volleyball Shoes,$84.99 ,NewArrivals,Clothing
167,Tachikara Porta-Score Scoreboard,$32.99 ,,Accessiories
168,Tandem Vertical Challenger,$399.00 ,,Accessiories
169,Tandem Elite Official's Kit,$49.99 ,,Clothing
170,Copper Fit Pro Series Ankle Sleeve,$19.99 ,,Outdoor Volley
171,Tandem Volleyball Official Flip Coin,$5.99 ,,Accessiories
172,Porter Free Standing Volleyball Judge Stand,$677.99 ,,Accessiories
173,Tachikara WB2000 The Equalizer Competition Wallyball,$19.99 ,,Accessiories
174,adidas Women's Court Team Bounce Volleyball Shoes,$89.99 ,,Outdoor Volley
175,Mizuno Women's Elevated 4” Volleyball Shorts,$34.99 ,,Clothing
176,Baden Game Day Bag,$27.99 ,,Clothing
177,Zamst A1 Ankle Brace,$49.99 ,,Ankle Support
178,Tandem Deluxe Linesman Flags,$39.99 ,,Accessiories
179,Porter Volleyball Flip Scoreboard,$41.99 ,,Accessiories
180,Harrow Custom Havoc Sports Backpack,$89.99 ,CustomizeIt,Clothing
181,Under Armour Adult Strive 2.0 Volleyball Knee Pads,$29.99 ,,Clothing
182,Tandem Volleyball Passing Sleeves,$19.99 ,,Accessiories
183,adidas Women's Crazyflight Bounce 3 Volleyball Shoes,$109.99 ,,Outdoor Volley
184,Mizuno Volleyball Arm Sleeves,$24.99 ,,Clothing
185,Franklin Inflatable Ball Maintenance Kit,$11.99 ,,Accessiories
186,Tandem 3-Digit Score Flipper,$65.99 ,,Clothing
187,Tandem Volleyball Officials' Bag,$19.99 ,,Accessiories
188,Tachikara PV-NET Professional Volleyball Net,$179.99 ,,Accessiories
189,Tandem Clamp Volleyball Net Antennae,$99.00 ,,Accessiories
190,Bauerfeind Sports Ankle Support,$69.99 ,,Ankle Support
191,Jordan Essential Ball Pump,$12.00 ,,Clothing
192,Tandem Volleyball Elbow Pads,$16.99 ,,Accessiories
193,Tandem Wall Mounted Vertical Challenger,$398.99 ,,Accessiories
194,Shock Doctor Ultra Knit Ankle Brace with Figure-6 Strap,$44.99 - $49.99,,Ankle Support
195,Nike Ball Pump,$10.00 ,,Accessiories
196,Mikasa Hammock Style Volleyball Cart,$149.99 ,,Accessiories
197,Wilson Junior Reversible Premium Volleyball Knee Pads,$19.99 ,,Outdoor Volley
198,Tachikara Ball Inflation Kit,$11.99 ,,Accessiories
199,adidas Women's Crazyflight USAV Volleyball Shoes,$139.99 ,,Outdoor Volley
200,Mizuno Women's Triumph Volleyball Headbands,,,Accessiories
201,"Mizuno Women's 4"" Vortex Volleyball Shorts",$24.99 ,,Clothing
202,Tandem Pink Volleyball Linesman Flags,$24.99 ,,Clothing
203,CoachDeck Instructional Volleyball Drill Cards,$19.95 ,,Accessiories
204,Champion Portable Ball Locker,$259.99 ,,Accessiories
205,Mizuno T-10 Plus Volleyball Knee Pads,$19.99 ,,Clothing
206,Mizuno Women's Core Beach Volleyball Performance Wrap,$24.99 ,,Clothing
207,Tandem Coach's Deluxe Volleyball Clipboard,,,Accessiories
208,Tandem Volleyball Lanyard,$4.99 ,,Accessiories
209,Tandem Volleyball Pea-Less Whistle and Lanyard,$4.99 ,,Accessiories
210,Champion VN100 Volleyball Net,$69.99 ,,Accessiories
211,Tandem 3-Tier Ball Rack,$82.00 ,,Accessiories
212,Tandem Volleyball Mesh Ball Bag,$15.99 ,,Accessiories
213,Tachikara VB-ANT Volleyball Net Antennas,$99.99 ,,Accessiories
214,McDavid 195 Ankle Brace w/ Straps,$33.99 ,,Ankle Support
215,Porter Power Volleyball Net,$199.99 ,,Accessiories
216,Porter Volleyball Cart,$163.99 ,,Accessiories
217,Mizuno Women's Wave Lightning Z5 Volleyball Shoes,See Price In Cart,,Clothing
218,Mizuno Women's Volleyball Elbow Pads,$29.99 ,,Clothing
219,ASICS Women's 2.5” Low Cut Compression Shorts,,,Outdoor Volley
220,Pro-Tec Achilles Tendon Support,$24.99 ,,Outdoor Volley
221,Tandem Volleyball Officials Penalty Cards,$4.99 ,,Accessiories
222,Mizuno Women's Wave Lightning Z5 Mid Volleyball Shoes,$124.99 ,,Clothing
223,Tandem Officials' Starter Kit,$25.99 ,,Accessiories
224,Mizuno LR6 Highlighter Volleyball Knee Pads,$29.99 ,,Outdoor Volley
225,Champion BLX Lockable Ball Storage,$295.99 ,,Accessiories
226,Champion LHX Ball Storage Locker,$215.99 ,,Accessiories
227,Mizuno Ventus Volleyball Knee Pads,$34.99 ,,Clothing
228,Adidas Youth 4 Inch Short Volleyball Tights,$25.00 ,,Outdoor Volley
229,Tandem Volleyball Linesman Flags,$14.99 ,,Accessiories
230,ASICS Women's Gel-Tactic 2 Volleyball Shoes,$79.99 - $99.99,,Outdoor Volley
231,Under Armour Adult 2.0 Volleyball Knee Pads,$24.99 ,,Clothing
232,adidas Adult 5” Volleyball Knee Pads,$25.00 ,,Outdoor Volley
233,Mizuno Women's Jogger Pants,$41.99 ,,Clothing
234,Mizuno Women's Align Long Volleyball Pants,$45.99 ,,Clothing
235,Tandem Volleyball Agility Ladder,$39.99 ,,Accessiories
236,Spalding Jump Strength Training Aid,$49.99 ,,Outdoor Volley
237,ASICS Ace Low Profile Volleyball Knee Pads,$21.99 ,,Outdoor Volley
238,Classic Sport Adult Knee Pads,$8.97 - $14.99,DicksExclusive,Outdoor Volley
239,Tachikara BC-HAM Volleyball Cart,$159.99 ,,Accessiories
240,Tandem Colossal Ball Cart,$174.99 ,,Accessiories
241,Mizuno Adult Elite 9 SL2 Volleyball Knee Pads,$21.99 ,,Outdoor Volley
242,"Mizuno Atlanta Cover Up 3.5"" Volleyball Shorts",$27.99 ,,Outdoor Volley
243,ASICS Competition 2.0 Volleyball Knee Pads,$23.99 ,,Accessiories
244,Active Ankle PowerLacer Brace,$49.99 ,,Ankle Support
245,Bauerfeind MalleoTrain Active Ankle Support,$99.99 ,,Ankle Support
246,Tandem Volleyball Lanyard,$4.99 ,,Accessiories
247,Tandem Skids Palm Protectors,$15.99 ,,Tandem Skids Palm Protectors
248,Tandem Precise Height Volleyball Net Stick,$36.99 ,,Accessiories
249,Tachikara Wallyball Concrete Net Anchors,$9.99 ,,Accessiories
250,Tandem Joust Beach Skins Volleyball Footwear,$29.99 ,,Tandem Joust Beach Skins Volleyball Footwear
251,Champion Folding Volleyball Cart,$145.99 ,,Accessiories
252,Tandem Volleyball Rotation Locator,$9.99 ,,Accessiories
253,ASICS Women's Sky Elite FF Mid Top Volleyball Shoes,,,Outdoor Volley
254,adidas Elite Volleyball Knee Pads,$30.00 ,,Outdoor Volley
255,ASICS Women's Gel-Tactic Volleyball Shoes,See Price In Cart,,Outdoor Volley
256,Tandem 4-Tier Ball Rack,$96.00 ,,Accessiories
257,Harrow Custom Elite Sports Backpack,$84.99 ,CustomizeIt,Clothing
258,Franklin Perfect Pump & Pressure Gauge,$14.99 ,,Baden SkilCoach HeavySetter Training Volleyball
259,"Mizuno Youth Atlanta Cover Up 3"" Volleyball Shorts",$27.99 ,,Outdoor Volley
260,Tandem Volleyball Spike Challenger,$699.00 ,,Accessiories
261,G-Form Adult Envy Volleyball Knee Pads,$29.99 ,,Outdoor Volley
262,adidas Women's Crazyflight Volleyball Shoes,$129.99 ,,Outdoor Volley
263,Mizuno Women's Elite 9 Dynamic Cover Up Volleyball Shorts,$27.99 ,,Clothing
264,Nike Youth Streak Volleyball Knee Pads,$24.99 ,,Outdoor Volley
265,Tandem Volleyball Drill Cart,$148.00 ,,Accessiories
266,ASICS Competition 4.0 G Volleyball Kneepads,$28.00 ,,Accessiories
267,Mizuno Women's Apex 2.5” Volleyball Shorts,$31.99 ,,Clothing
268,Champion 2.6 mm Volleyball Net,$55.99 ,,Accessiories
269,Bestway PowerGrip Air Pump,$24.99 ,NewArrivals,Accessiories
270,Mizuno Women's 4.5'' Training Volleyball Shorts,$27.99 ,,Clothing
271,Champion LFX Ball Storage Locker,$305.99 ,,Accessiories
272,Tandem Elite Volleyball Linesman Flags,$37.99 ,,Outdoor Volley
273,Tandem 2-Digit Score Flipper,$47.99 ,,Clothing
274,Mizuno Women's Wave Lightning Z6 Volleyball Shoes,$119.99 ,,Clothing
275,Mizuno Women's Wave Lightning Z6 Mid Volleyball Shoes,$124.99 ,,Clothing
276,Mizuno Women's Wave Tornado X Volleyball Shoes,$139.99 ,,Clothing
277,Tandem Volleyball Portable Scoreboard and Possession Arrows,$49.99 ,,Accessiories
278,Tachikara Game Plan Dry Erase Clipboard,$19.99 ,,Accessiories
279,Asics Youth Gel Conform II Volleyball Knee Pads,$21.99 ,,Outdoor Volley
280,Mizuno Youth 4” Vortex Volleyball Shorts,$24.99 ,,Outdoor Volley
281,ASICS Women's Sky Elite FF Volleyball Shoes,See Price In Cart,,Outdoor Volley
282,Fox 40 Classic Fox Whistle Lanyard,,,Outdoor Volley
283,Tandem Volleyball Setter's Towel,$7.99 ,,Accessiories
284,Tandem Volleyball Spike Pal,$24.99 ,,Accessiories
285,Nike Ball Pump 3,$10.00 ,,Clothing
286,Porter Boundary Markers with Net Antenna,$105.99 ,,Accessiories
287,Nike Hyperspeed Ball Pump,$20.00 ,,Clothing
288,Tandem Volleyball Cable Padding Set - 4 Pack,$41.00 ,,Accessiories
289,Mizuno Women's Mid Beach Volleyball Tights,$35.99 ,,Clothing
290,adidas Women's USA Volleyball Top,$45.00 ,,Outdoor Volley
291,Porter Sidewinder Volleyball Net Storage System,,,Accessiories
292,Tandem Volleyball Net Tension Straps,$17.99 ,,Accessiories
293,Tandem Single Net Storage Rack,,,Accessiories
294,Tachikara CV-NET Regulation Net,$124.99 ,,Accessiories
295,adidas Women's USA Volleyball Jacket,$100.00 ,,Outdoor Volley
296,adidas Women's USA Volleyball Tank Top,$35.00 ,,Outdoor Volley
297,Tandem Volleyball Net Tensioning System,$29.99 ,,Accessiories
298,adidas Women's Hilo Long Sleeve Solid Long Volleyball Jersey,$35.00 ,,Outdoor Volley
299,Porter Fair Height Volleyball Net Chain,$9.99 ,,Accessiories
300,NEOSPORT XSpan Low-Top 2mm Neoprene Socks,,,Socks
301,adidas Women's Alphaskin Short Volleyball Tights,$30.00 ,,Outdoor Volley
302,Tandem Triple Net Storage Rack,,,Accessiories
303,Champion Lockable Ball Storage Locker,$325.99 ,,Accessiories
304,Tachikara REC-NET Recreational Volleyball Net,$74.99 ,,Accessiories
305,Shock Doctor Ankle Stabilizer,$24.99 ,,Ankle Support
306,Tandem Net Setter with Carrying Pouch,$12.99 ,,Accessiories
307,adidas Men's USA Volleyball Warm-Up Jacket,$100.00 ,Extended Sizes,Outdoor Volley
308,adidas Men's USA Volleyball T-Shirt,$35.00 ,,Clothing
309,Mizuno Women's Align Volleyball Pants,$45.99 ,,Clothing
310,adidas Men's USA Volleyball T-Shirt,$35.00 ,,Clothing
311,adidas Women's USA Volleyball Aeroready ¼ Zip Jersey,$60.00 ,,Outdoor Volley
312,Adidas Women's HiLo Long Sleeve Jersey,$34.99 ,,Outdoor Volley
313,Under Armour Women's Breathelux Marble Sports Bra,$65.00 ,,Clothing
314,Shock Doctor Adult Nano 3D Convertible Slim Fit Mouthguard,,,Ankle Support
315,Champion Deluxe Table Top Scorer,,,Accessiories
316,Mizuno Retro Crew Volleyball Sweatshirt,$47.99 ,,Mizuno Retro Crew Volleyball Sweatshirt
317,Mizuno Youth Volleyball Attack T-Shirt 2.0,$24.99 ,,Clothing
318,Mizuno Youth Align Volleyball Pants,$45.99 ,,Outdoor Volley
319,Glamorise Women's Underwire Sports Bra,,,Clothing
320,Tail Women's Antonia 3.5'' Tennis Compression Shorts,$39.00 ,,Outdoor Volley
321,Champion Women's Plus Size Motion Control Underwire Sports Bra,$50.00 ,,Clothing
322,Schutt Football Helmet Air Pump,$12.99 ,,Accessiories
323,DICK'S Sporting Goods 7-Piece Inflation Kit,$11.99 ,DicksExclusive,Accessiories
324,Champion Women's Script Logo Absolute Workout Sports Bra,$25.00 ,,Clothing
325,Nike Women's Dri-Fit Tomboy Volleyball Tank Top,$36.00 ,,Outdoor Volley
326,DonJoy Performance Bionic Ankle Brace,$39.99 ,,Outdoor Volley
327,Tandem Double-Sided Locking Ball Cage,$375.00 ,,Accessiories
328,DonJoy Performance TriZone Ankle Brace,$49.99 ,,Outdoor Volley
329,Roxy Women's Flying Kisses Medium Support Sports Bra,$45.00 ,NewArrivals,Clothing
330,adidas Women's USA Volleyball Warm-Up Jacket,$100.00 ,,Outdoor Volley
331,Tandem 39” Competition Volleyball Net Cable,,,Accessiories
332,Champion Economy Electric Inflating Pump,$139.99 ,,Accessiories
333,adidas Women's USA Volleyball Replica T-Shirt,$45.00 ,,Clothing
334,Mikasa M80 Electric Air Inflator,$159.99 ,,Accessiories
335,NEOSPORT XSpan 1.5mm Swim Socks,,,Socks
336,Tandem Rope Court Line,$29.99 ,,Outdoor Volley
337,Champion Deluxe Volleyball Set,$77.99 ,,Accessiories
338,Champion Table Model Pump,$44.99 ,,Accessiories
339,Tachikara Wallyball Wood Net Anchors,$9.99 ,,Accessiories
340,Tandem Beach Volleyball Court Line Sand Anchor Discs,$14.99 ,,Outdoor Volley
341,adidas Women's 4 Inch Volleyball Shorts,$30.00 ,,Outdoor Volley
342,adidas Men's USA Volleyball 1/4 Zip Pullover,$60.00 ,,Outdoor Volley
343,Porter Quality Volleyball Net,$137.99 ,,Accessiories
344,Tandem Double Net Storage Rack,,,Accessiories
345,Under Armour Women's Volleyball Powerhouse Jersey Long Sleeve Shirt,$45.00 ,NewArrivals,Clothing
346,Champion 2.2 mm Volleyball Net,$35.99 ,,Accessiories
347,Adidas Women's USA Volleyball T-Shirt,$34.99 ,,Clothing
348,Adidas Women's HiLo Long Sleeve Jersey,$35.00 ,,Outdoor Volley
349,adidas Youth 4 Inch Alphaskin Volleyball Shorts,$25.00 ,NewArrivals,Outdoor Volley
350,Mizuno Women's Long Volleyball Jogger Pants,$41.99 ,,Clothing
351,Porter Volleyball Standard Wall Storage,$77.99 ,,Accessiories
352,Under Armour Dual-Action Ball Pump,$10.00 ,,Clothing
353,Tandem Covered Net Tightener,$29.99 ,,Accessiories
354,Mizuno Women's April Ross Vision Volleyball Graphic Tank Top,$27.99 ,,Outdoor Volley
355,Active Ankle AS1 Pro Lace-Up Ankle Brace with Straps,$39.99 ,,Ankle Support
356,Mizuno Boys' Comp Workout Shorts,$19.99 ,,Clothing
357,Mizuno Women's Beach Volleyball Omnis Tights,$43.99 ,,Clothing
358,Active Ankle T2 Rigid Multi-Sport Ankle Brace,$39.99 ,,Ankle Support
359,Mizuno Men's Comp Short Sleeve Polo,$34.99 ,,Clothing
360,Mizuno Women's April Ross Flow Volleyball Long Sleeve Top,$44.99 ,,Outdoor Volley
361,Tandem Single Net Storage Rack,$169.00 ,,Accessiories
362,DonJoy Performance POD Foot Ankle Brace,,,Outdoor Volley
363,Tachikara Wallyball Net,$99.99 ,,Accessiories
364,Tandem Double Net Storage Rack,$187.00 ,,Accessiories
365,adidas Men's USA Volleyball Anorak Jacket,$100.00 ,,Clothing
366,adidas Men's USA Volleyball ¼ Zip Jersey,$60.00 ,,Outdoor Volley
367,adidas Men's USA Volleyball Anorak Jacket,$100.00 ,,Clothing
368,adidas Women's USA Volleyball Performance 3/4 Tights,$60.00 ,,Outdoor Volley
369,Tandem Volleyball/Basketball Ultimate Ball Rack,$90.00 ,,Accessiories
370,Mizuno Women's Volleyball Attack T-Shirt 2.0,$24.99 ,,Clothing
371,Nike Women's Dri-Fit Legend Classic Volleyball Tank Top,$31.00 ,NewArrivals,Outdoor Volley
372,Tandem Volleyball Net Extender,$19.99 ,,Accessiories
373,Tandem Volleyball Headband,$7.99 ,,Accessiories
374,Adidas Women's HiLo Short Sleeve Jersey,$29.99 ,,Outdoor Volley
375,Mizuno Men's Volleyball Attack T-Shirt 2.0,$24.99 ,,Clothing
